Name,Term,ES,NES,NOM p-val,FDR q-val,FWER p-val,Tag %,Gene %,Lead_genes
prerank,KEGG_CELL_ADHESION_MOLECULES_CAMS,0.7315566187939931,2.174881240344108,0.0,0.0,0.0,55/131,9.31%,CLDN5;SELE;ITGA8;ICAM3;SELP;HLA-DRB1;HLA-DPA1;HLA-DPB1;SDC2;CLDN23;NEGR1;HLA-DRB5;NCAM2;HLA-DRA;NRXN3;HLA-DQA1;NLGN4X;HLA-DMA;CNTNAP1;HLA-DMB;NRXN1;NRCAM;HLA-DQB1;VCAM1;NECTIN1;NRXN2;CD4;CADM1;HLA-DOA;PDCD1;ESAM;SELL;ITGB2;CDH5;PECAM1;CLDN8;CD2;CD34;CD276;ITGA9;CLDN11;NLGN2;CLDN14;NFASC;MADCAM1;ICAM2;HLA-DQA2;ITGA4;ITGB1;ITGAV;CD40LG;CD6;HLA-B;CLDN4;PTPRM
prerank,KEGG_NEUROACTIVE_LIGAND_RECEPTOR_INTERACTION,0.6754217010111092,2.147842800010508,0.0,0.0,0.0,90/271,9.53%,GLP2R;EDNRB;PTGER1;NPY1R;HTR4;GRIK2;VIPR2;LPAR3;ADRB3;GLRB;GABRB3;S1PR3;TBXA2R;BDKRB1;CYSLTR1;APLNR;F2R;ADRA1B;GRPR;PTGFR;GHR;ADCYAP1R1;GABBR2;S1PR5;P2RY14;NPY2R;GRIN2A;CALCRL;HTR7;P2RY6;GRM8;GABRD;S1PR4;PTH1R;PTGDR;CHRNA1;P2RX1;VIPR1;ADRB2;NPY5R;NMUR1;C5AR1;PTGIR;F2RL2;GABRA2;PRL;LEPR;GRIK4;CNR1;CTSG;GLRA3;P2RY8;CALCR;AVPR1A;HRH1;HRH4;GRIN1;ADRA1D;P2RY13;C3AR1;NPBWR1;EDNRA;GRIA4;HTR1B;BDKRB2;LPAR1;F2RL3;MC4R;TACR2;P2RY1;CHRNB4;P2RY2;THRB;NPFFR2;GRID1;MAS1;GZMA;NMBR;GLP1R;P2RX4;GRM3;CHRNB1;GLRA2;GRM1;HTR2A;GRID2;GABRA1;CHRM4;PTAFR;MCHR1
prerank,KEGG_CYTOKINE_CYTOKINE_RECEPTOR_INTERACTION,0.666044808781144,2.1250905606188977,0.0,0.0,0.0,94/264,9.47%,EGF;TNFRSF4;TNFRSF17;CTF1;CXCL14;CCR10;TSLP;TNFRSF11B;CCL19;TNFSF11;CXCL6;HGF;CXCL12;LTB;BMPR1B;TGFB1;CCL13;CCL11;IL17A;KIT;CD27;GHR;TGFB3;TNFRSF18;LIFR;IL23R;TNFRSF8;CSF1R;CCR3;IL10;TNFSF12;PDGFC;IL12A;CCL23;CCL2;TGFB2;TGFBR2;ACVRL1;TNFSF18;OSMR;CCL17;CCL14;TNFRSF1A;PRL;LEPR;PLEKHO2;IL1R1;IL22RA2;TNFRSF10C;CCL22;TNFRSF19;CCL18;PDGFA;CCR1;IL17B;NGFR;CD70;PDGFRA;IL5RA;CX3CR1;CCL8;CCL24;XCL1;PDGFRB;IL13RA1;CSF2RB;CCL21;IL22;CXCL13;FLT4;IL6ST;CXCR2;TGFBR1;IL19;AMHR2;IFNAR1;CCL5;IL10RB;IL2RB;IL20RA;IL20RB;OSM;CD40LG;EDA2R;IL20;TNFRSF13B;CXCR1;EPOR;PF4V1;CXCL10;IL3RA;TNFSF10;AMH;LTA
prerank,KEGG_SYSTEMIC_LUPUS_ERYTHEMATOSUS,0.8001162174344314,2.1059233090324296,0.0,0.0,0.0,31/55,10.02%,C1QC;HLA-DRB1;C1R;HLA-DPA1;HLA-DPB1;C1QA;C1S;C1QB;HLA-DRB5;HLA-DRA;C4A;HLA-DQA1;HLA-DMA;HLA-DMB;GRIN2A;IL10;HLA-DQB1;ACTN1;HLA-DOA;FCGR1A;C9;CTSG;ELANE;C6;ACTN2;HLA-DQA2;ACTN3;SNRPB;CD40LG;FCGR3A;FCGR3B
prerank,KEGG_LEISHMANIA_INFECTION,0.7867391537125737,2.097791067833164,0.0,0.0,0.0,38/70,10.02%,HLA-DRB1;HLA-DPA1;HLA-DPB1;TGFB1;HLA-DRB5;HLA-DRA;HLA-DQA1;TGFB3;HLA-DMA;HLA-DMB;NCF4;IL10;IL12A;HLA-DQB1;TGFB2;HLA-DOA;ITGB2;MAPK11;NFKBIA;FCGR1A;JUN;CYBA;MAPK3;MAPK12;MAPK14;NFKB1;FOS;HLA-DQA2;IRAK4;NCF1;ITGA4;ITGB1;TAB1;PRKCB;IRAK1;MAPK1;FCGR3A;FCGR3B
prerank,KEGG_COMPLEMENT_AND_COAGULATION_CASCADES,0.7665554720838846,2.078117670552408,0.0,0.0,0.0,32/69,9.56%,CFD;C1QC;C1R;C1QA;PLAT;C1S;C1QB;F13A1;BDKRB1;F2R;C4A;CFH;A2M;C4BPA;SERPING1;THBD;C5AR1;C9;PLAU;CD59;VWF;C3AR1;SERPINE1;C6;BDKRB2;F8;CFI;SERPINA1;CR2;F5;FGB;TFPI
prerank,KEGG_PPAR_SIGNALING_PATHWAY,0.7618880876096472,2.0723819578627403,0.0,0.0,0.0,20/69,5.64%,FABP1;HMGCS2;CD36;ACSL6;LPL;ACADM;FABP4;FABP2;PLTP;CPT1C;FADS2;SORBS1;FABP7;SLC27A4;SLC27A2;RXRG;ADIPOQ;SLC27A6;ACOX2;FABP5
prerank,KEGG_CHEMOKINE_SIGNALING_PATHWAY,0.6715682541503974,2.063141175873202,0.0,0.0,0.0,66/188,9.25%,PRKACB;GNG7;CXCL14;CCR10;ADCY5;CCL19;CXCL6;CXCL12;VAV3;CCL13;GNG11;CCL11;GNGT2;GNAI1;WAS;RASGRP2;HCK;CCR3;CCL23;CCL2;GNGT1;CCL17;RAP1A;CCL14;NFKBIA;GNAI2;SOS2;RAP1B;CCL22;PLCB2;CCL18;CCR1;ADCY2;VAV1;CX3CR1;CCL8;GNB4;CCL24;SHC4;PRKCD;RHOA;MAPK3;GNG2;NRAS;PLCB4;XCL1;ELMO1;CCL21;NFKB1;GNG12;CXCL13;AKT3;CXCR2;PIK3R3;CCL5;NCF1;AKT1;PREX1;ADCY4;PRKCB;WASL;CXCR1;GRK6;PF4V1;MAPK1;CXCL10
prerank,KEGG_ECM_RECEPTOR_INTERACTION,0.734112720365733,2.054764634523387,0.0,0.0,0.0,49/84,10.91%,CD36;ITGA8;COL4A6;SV2C;SDC2;COL6A1;TNN;COL6A2;COL4A2;TNXB;ITGB6;COL1A2;COL1A1;COL3A1;SV2B;SV2A;RELN;ITGA9;COL4A1;ITGA1;VWF;ITGA5;LAMA4;COL5A1;LAMC3;THBS2;COL5A2;GP5;COL5A3;THBS1;ITGB3;LAMB1;TNC;FN1;GP9;LAMA3;LAMB4;ITGA4;ITGB1;ITGAV;TNR;LAMC1;LAMB2;ITGB5;COMP;COL6A3;ITGB8;ITGB7;COL4A4
prerank,KEGG_FOCAL_ADHESION,0.6575952004984505,2.020729575161403,0.0,0.0,0.0,87/198,10.92%,EGF;PDGFD;CAV1;ITGA8;COL4A6;COL6A1;HGF;VAV3;MAPK10;IGF1;TNN;PARVG;COL6A2;FLNA;CAV2;PDGFC;COL4A2;BAD;ACTN1;TNXB;ITGB6;COL1A2;COL1A1;COL3A1;PAK3;RAP1A;SOS2;RAP1B;PGF;JUN;VCL;RELN;RAC3;ITGA9;PDGFA;COL4A1;ITGA1;PDGFRA;VWF;ITGA5;VAV1;LAMA4;SHC4;COL5A1;RHOA;MAPK3;LAMC3;ACTN2;THBS2;PDGFRB;COL5A2;PIP5K1C;COL5A3;FLT4;AKT3;ACTB;THBS1;ITGB3;PIK3R3;LAMB1;TNC;ZYX;FN1;AKT1;LAMA3;LAMB4;ITGA4;CCND3;ITGB1;ACTN3;PRKCB;TLN1;PARVA;ITGAV;TNR;LAMC1;MAPK1;LAMB2;ILK;VEGFB;ITGB5;COMP;COL6A3;ITGB8;ITGB7;COL4A4;FYN
prerank,KEGG_HEMATOPOIETIC_CELL_LINEAGE,0.7193792817856095,2.005946460756447,0.0,0.00021536453105702773,0.001,36/85,9.26%,CD1D;CD36;HLA-DRB1;CD14;HLA-DRB5;HLA-DRA;KIT;CD9;CD7;CSF1R;FCER2;CD3D;CD37;CD3E;CD4;CD1C;CD2;FCGR1A;IL1R1;CD34;CD59;CD38;CD3G;ITGA1;IL5RA;ITGA5;GP5;CD19;ITGB3;CD1A;CD1E;GP9;ITGA4;CR2;EPOR;IL3RA
prerank,KEGG_CALCIUM_SIGNALING_PATHWAY,0.6498712603907822,1.9981337834903936,0.0,0.00039483497360455087,0.002,65/177,9.47%,PRKACB;CHP2;EDNRB;PTGER1;HTR4;ADRB3;CACNA1H;BST1;CACNA1B;TBXA2R;BDKRB1;CYSLTR1;F2R;ADRA1B;GRPR;PTGFR;NOS3;GRIN2A;HTR7;P2RX1;PPP3CC;ADRB2;GNAL;CALM1;PDE1A;PDE1B;CACNA1I;CALML3;CD38;PLCB2;RYR2;AVPR1A;HRH1;PLCD1;ADCY2;GNA14;GRIN1;PDGFRA;ADRA1D;EDNRA;ATP2B4;ERBB4;TNNC1;BDKRB2;ATP2A3;PLCB4;SLC25A4;PDE1C;PDGFRB;TACR2;PHKA1;ITPKA;TRPC1;SPHK1;ADCY4;P2RX4;VDAC3;PRKCB;SLC8A3;ITPKB;GRM1;SPHK2;HTR2A;SLC8A1;PTAFR
prerank,KEGG_DRUG_METABOLISM_CYTOCHROME_P450,0.7189315106610342,1.9610883636521559,0.0,0.00036446305255804693,0.002,28/71,10.63%,ADH1C;ADH1B;ALDH1A3;UGT2B15;UGT1A8;UGT2A3;UGT2B17;GSTM1;ALDH3B2;UGT1A10;GSTM2;GSTM5;CYP3A4;ADH5;FMO2;FMO3;MGST1;MAOA;CYP2C8;AOX1;FMO5;GSTA1;MAOB;UGT2B4;GSTA4;UGT1A7;GSTT2;ADH6
prerank,KEGG_VALINE_LEUCINE_AND_ISOLEUCINE_DEGRADATION,0.7911817430421304,1.958520336431663,0.0,0.00033842997737532933,0.002,32/43,15.84%,HMGCS2;ACADM;IL4I1;PCCA;HADH;ACAA2;ALDH1B1;ACADS;BCKDHB;ABAT;ACAT1;AOX1;DBT;HADHA;HADHB;ACADSB;IVD;MCCC2;OXCT2;ACAA1;MCCC1;DLD;ALDH9A1;BCAT2;ALDH6A1;ALDH7A1;PCCB;EHHADH;ALDH2;ACAD8;AUH;HMGCL
prerank,KEGG_MELANOMA,0.6933778762831747,1.9058615811744064,0.0,0.0007896699472091017,0.005,28/71,9.40%,EGF;PDGFD;HGF;IGF1;PDGFC;FGF2;BAD;FGF10;ARAF;FGF12;CDKN1A;PDGFA;CDK4;PDGFRA;MAPK3;NRAS;PDGFRB;AKT3;PIK3R3;AKT1;FGF20;FGFR1;FGF7;FGF9;MITF;FGF4;MAPK1;FGF1
prerank,KEGG_RETINOL_METABOLISM,0.7209119066902943,1.8970325451422858,0.0,0.0007403155755085329,0.005,23/64,10.70%,ADH1C;ADH1B;UGT2B15;UGT1A8;UGT2A3;UGT2B17;ALDH1A2;ALDH1A1;RDH10;UGT1A10;CYP26A1;DHRS3;CYP3A4;ADH5;CYP2C8;DHRS9;CYP26B1;UGT2B4;CYP4A11;DHRS4;UGT1A7;ADH6;RDH11
prerank,KEGG_VIRAL_MYOCARDITIS,0.7018113598949034,1.8866757921694108,0.0,0.0012541816808615143,0.009,30/68,12.17%,CAV1;HLA-DRB1;HLA-DPA1;HLA-DPB1;HLA-DRB5;HLA-DRA;HLA-DQA1;DMD;HLA-DMA;HLA-DMB;HLA-DQB1;HLA-DOA;SGCD;ITGB2;RAC3;MYH9;SGCG;MYH10;ACTB;HLA-DQA2;CD40LG;HLA-B;EIF4G2;FYN;CASP3;BID;HLA-C;HLA-A;CD86;CD28
prerank,KEGG_AXON_GUIDANCE,0.6423918185176495,1.883315651703301,0.0,0.0011845049208136526,0.009,45/129,9.37%,CHP2;CFL2;NFATC4;SEMA7A;LRRC4C;SEMA6D;FES;EFNB3;CXCL12;GNAI1;NTN1;NTN4;UNC5D;SEMA6B;SLIT3;SEMA5B;SLIT2;SEMA3A;EFNA5;SEMA3F;ROBO2;SEMA3C;PPP3CC;SEMA3B;SEMA6C;PAK3;GNAI2;RAC3;DCC;EPHA5;SEMA4A;UNC5C;RHOA;MAPK3;NRAS;PLXNA2;UNC5B;EPHA3;EPHA4;EFNA2;ITGB1;ROBO1;MAPK1;CDK5;EFNB2
prerank,KEGG_GAP_JUNCTION,0.6694156774092636,1.8818670407153293,0.0,0.001246847285067003,0.01,33/90,9.25%,PRKACB;EGF;PDGFD;TUBA1A;ADCY5;GUCY1B1;GNAI1;TUBB4A;PDGFC;GJA1;TUBB2B;PRKG1;GNAI2;SOS2;TUBB2A;GUCY1A1;PLCB2;PDGFA;ADCY2;PDGFRA;MAPK3;NRAS;LPAR1;PLCB4;PDGFRB;MAP2K5;ADCY4;TUBB6;PRKCB;GRM1;MAPK1;TJP1;HTR2A
prerank,KEGG_ASTHMA,0.8224308708102154,1.8750029967092527,0.0,0.0015398563970577483,0.013,15/28,3.19%,HLA-DRB1;FCER1A;HLA-DPA1;HLA-DPB1;HLA-DRB5;CCL11;HLA-DRA;HLA-DQA1;HLA-DMA;HLA-DMB;IL10;HLA-DQB1;HLA-DOA;FCER1G;MS4A2
prerank,KEGG_MELANOGENESIS,0.658263152842499,1.8746464673214795,0.0,0.0014665299019597602,0.013,42/101,11.53%,PRKACB;FZD8;TYRP1;EDNRB;ADCY5;KIT;WNT9A;GNAI1;POMC;WNT7B;FZD1;WNT4;TCF7L1;CALM1;FZD2;LEF1;WNT10B;GNAI2;WNT9B;CALML3;WNT2;PLCB2;WNT11;ADCY2;MAPK3;NRAS;PLCB4;FZD6;ADCY4;FZD10;PRKCB;WNT16;MITF;MAPK1;DVL3;WNT6;DVL2;WNT5B;CREB3L4;FZD4;FZD7;EDN1
prerank,KEGG_AUTOIMMUNE_THYROID_DISEASE,0.7262656870814969,1.8745370019625245,0.0,0.0013998694518706802,0.013,20/50,12.25%,HLA-DRB1;HLA-DPA1;HLA-DPB1;HLA-DRB5;HLA-DRA;HLA-DQA1;HLA-DMA;HLA-DMB;IL10;HLA-DQB1;HLA-DOA;GZMB;HLA-DQA2;CD40LG;HLA-B;HLA-C;HLA-A;CD86;CD28;FAS
prerank,KEGG_FATTY_ACID_METABOLISM,0.7586200146570147,1.8719289706802815,0.0,0.001442005990555751,0.014,23/42,13.95%,ADH1C;ADH1B;ACSL6;ACADM;CPT1C;HADH;ACAA2;ALDH1B1;ADH5;ACADS;ACAT1;HADHA;CYP4A11;HADHB;ACADSB;ADH6;ACAA1;ACADVL;ACADL;ALDH9A1;ALDH7A1;ACSL5;EHHADH
prerank,KEGG_LYSOSOME,0.6403314380128808,1.8673765677240906,0.0,0.001381922407615928,0.014,55/120,14.78%,SMPD1;CTSK;ARSB;LAPTM5;AP1S2;LIPA;ASAH1;ATP6V1H;CTSL;ACP5;NPC2;PLA2G15;ATP6V0D1;CTSG;SGSH;AP1B1;ATP6V0D2;AP3B2;AGA;CTSS;NAGA;CTSF;CTSB;LGMN;SUMF1;MCOLN1;SORT1;FUCA1;LAPTM4B;SLC11A2;CTSC;DNASE2B;CD63;GNPTAB;MANBA;CLTB;IDS;GLB1;CTSO;CTSZ;CTSA;ATP6AP1;CLTA;PPT2;ATP6V0B;HEXB;DNASE2;CTSD;LAMP2;ACP2;SLC17A5;AP4M1;AP1M1;HYAL1;PSAP
prerank,KEGG_GRAFT_VERSUS_HOST_DISEASE,0.749040570180118,1.8465157107153705,0.002688172043010753,0.002084728660632029,0.022,20/37,12.25%,HLA-DRB1;HLA-DPA1;HLA-DPB1;HLA-DRB5;HLA-DRA;HLA-DQA1;HLA-DMA;HLA-DMB;HLA-DQB1;HLA-DOA;GZMB;KIR3DL1;HLA-DQA2;HLA-B;KIR3DL2;HLA-C;HLA-A;CD86;CD28;FAS
prerank,KEGG_PATHWAYS_IN_CANCER,0.5639887645820062,1.829737133139076,0.0,0.0025512413679063288,0.026,146/325,14.54%,EGF;FZD8;SPI1;COL4A6;SMO;HGF;TGFB1;MAPK10;KIT;IGF1;WNT9A;TGFB3;PTCH2;CSF1R;KLK3;WNT7B;CEBPA;FGF2;TGFB2;TGFBR2;COL4A2;FZD1;BAD;DAPK3;FGF10;RET;WNT4;TCF7L1;FZD2;LEF1;WNT10B;NFKBIA;SOS2;RXRG;PGF;ARAF;JUN;GLI1;WNT9B;MMP2;NCOA4;WNT2;RAC3;FGF12;DCC;CDKN1A;MMP9;WNT11;PDGFA;COL4A1;CDK4;RARB;PDGFRA;PML;LAMA4;EPAS1;TRAF5;CCNA1;CTNNA2;RHOA;MAPK3;LAMC3;NRAS;PDGFRB;SUFU;CDKN2B;DAPK1;NFKB1;RUNX1T1;GLI2;FZD6;AKT3;ETS1;FOS;TGFBR1;RASSF5;PIK3R3;LAMB1;FN1;AKT1;LAMA3;LAMB4;FGF20;TRAF3;FZD10;GLI3;ITGB1;PRKCB;RASSF1;FGFR1;FGF7;ITGAV;WNT16;PIAS3;FGF9;LAMC1;MITF;PPARG;FGF4;HHIP;MAPK1;LAMB2;FGF1;DVL3;MLH1;WNT6;VEGFB;NTRK1;DVL2;WNT5B;COL4A4;CASP3;BID;CCDC6;FZD4;FZD7;CUL2;LAMC2;BCR;CDKN1B;TGFA;MYC;FAS;KRAS;CHUK;RARA;SMAD4;PLCG2;MAX;EGLN1;LAMA1;PDGFB;DAPK2;FLT3LG;RUNX1;HDAC2;FADD;LAMA5;RBX1;BIRC2;CSF2RA;BCL2;PIAS4;AKT2;MAP2K1;ARNT2
prerank,KEGG_REGULATION_OF_ACTIN_CYTOSKELETON,0.5803183813476951,1.8221209540986785,0.0,0.0031586797888364065,0.032,74/212,10.66%,EGF;PDGFD;ITGA8;CFL2;GSN;CD14;VAV3;BDKRB1;F2R;WAS;PDGFC;FGF2;FGD1;FGF10;ACTN1;ITGB6;MSN;PAK3;ITGB2;SOS2;CYFIP1;ARAF;VCL;RAC3;FGF12;TMSB4X;ITGA9;PDGFA;SCIN;MRAS;ITGA1;PDGFRA;MYH9;ITGA5;VAV1;RHOA;MAPK3;BDKRB2;ARHGEF6;NRAS;ACTN2;PDGFRB;MYH10;PIP5K1C;GNG12;RDX;ACTB;ITGB3;PIK3R3;FN1;FGF20;ITGA4;NCKAP1L;PFN1;ARPC5;ITGB1;ACTN3;WASL;FGD3;FGFR1;CYFIP2;FGF7;ITGAV;FGF9;FGF4;TMSB4XP8;MAPK1;BRK1;CHRM4;FGF1;ITGB5;ARPC5L;ITGB8;ITGB7
prerank,KEGG_HEDGEHOG_SIGNALING_PATHWAY,0.7054135665862807,1.8159575820311176,0.0,0.003130477290721796,0.033,25/56,10.47%,PRKACB;BMP5;SMO;IHH;RAB23;WNT9A;PTCH2;WNT7B;WNT4;WNT10B;GLI1;WNT9B;DHH;WNT2;WNT11;CSNK1G2;GAS1;SUFU;GLI2;GLI3;WNT16;HHIP;WNT6;BMP6;WNT5B
prerank,KEGG_LEUKOCYTE_TRANSENDOTHELIAL_MIGRATION,0.628585352554021,1.8143688558924516,0.0,0.0030225297979382857,0.033,42/115,8.38%,CLDN5;CLDN23;THY1;CXCL12;VAV3;GNAI1;NCF4;RAPGEF3;VCAM1;ACTN1;ESAM;MSN;ITGB2;RAP1A;CDH5;PECAM1;CLDN8;MAPK11;GNAI2;RAP1B;MMP2;VCL;MMP9;CYBA;SIPA1;VAV1;CLDN11;CLDN14;CTNNA2;RHOA;ACTN2;MAPK12;MAPK14;NOX1;ACTB;RASSF5;PIK3R3;NCF1;ITGA4;ITGB1;ACTN3;PRKCB
prerank,KEGG_APOPTOSIS,0.6506807121799183,1.8126023770898088,0.0,0.0030797127941154965,0.034,43/87,14.40%,PRKACB;CHP2;BAD;CASP6;PPP3CC;PRKAR2B;TRADD;NFKBIA;ENDOG;TNFRSF1A;IL1R1;TNFRSF10C;NGF;PRKAR1B;PRKAR1A;CSF2RB;NFKB1;AKT3;MAP3K14;IRAK4;PIK3R3;AKT1;CAPN1;ENDOD1;IRAK1;IL3RA;TNFSF10;CASP7;PRKAR2A;NTRK1;IRAK2;CASP3;BID;APAF1;PRKACA;FAS;CHUK;MYD88;FADD;BIRC2;BCL2;AKT2;PPP3CA
prerank,KEGG_O_GLYCAN_BIOSYNTHESIS,0.766417965605646,1.812222025950549,0.0,0.0029803672201117706,0.034,10/30,5.84%,GALNT17;B3GNT6;GALNT8;GALNT6;GALNT16;GCNT4;GALNT18;ST6GALNAC1;GALNT13;GALNT12
prerank,KEGG_TGF_BETA_SIGNALING_PATHWAY,0.643925414759594,1.8059743544603861,0.0,0.003331420089788398,0.04,31/83,9.98%,LEFTY2;BMP5;LEFTY1;BMPR1B;TGFB1;CHRD;FST;SMAD9;DCN;TGFB3;LTBP1;TGFB2;TGFBR2;ACVRL1;ID3;SMAD7;GDF6;PPP2CB;RHOA;MAPK3;THBS2;CDKN2B;THBS1;TGFBR1;AMHR2;ID1;MAPK1;SMAD1;AMH;BMP6;COMP
prerank,KEGG_INTESTINAL_IMMUNE_NETWORK_FOR_IGA_PRODUCTION,0.7203546760190794,1.8050373471207164,0.0,0.0033740443198934347,0.041,21/46,8.98%,TNFRSF17;CCR10;HLA-DRB1;HLA-DPA1;HLA-DPB1;CXCL12;TGFB1;HLA-DRB5;HLA-DRA;HLA-DQA1;HLA-DMA;HLA-DMB;IL10;HLA-DQB1;HLA-DOA;MADCAM1;MAP3K14;HLA-DQA2;ITGA4;CD40LG;TNFRSF13B
prerank,KEGG_ALLOGRAFT_REJECTION,0.7480554753599169,1.804848503521544,0.0,0.00327480772224951,0.041,21/35,12.25%,HLA-DRB1;HLA-DPA1;HLA-DPB1;HLA-DRB5;HLA-DRA;HLA-DQA1;HLA-DMA;HLA-DMB;IL10;IL12A;HLA-DQB1;HLA-DOA;GZMB;HLA-DQA2;CD40LG;HLA-B;HLA-C;HLA-A;CD86;CD28;FAS
prerank,KEGG_MAPK_SIGNALING_PATHWAY,0.563941892730602,1.801885933345131,0.0,0.0032489277828031612,0.042,90/261,10.32%,PRKACB;EGF;CHP2;HSPA2;NFATC4;CACNA1H;CD14;CACNA1B;TGFB1;PLA2G5;MAPK10;TGFB3;FLNA;RASGRP2;CACNA2D2;CACNA2D1;FGF2;TGFB2;TGFBR2;PPP3CC;FGF10;MEF2C;PLA2G10;RAP1A;MAPK11;MAPKAPK3;SOS2;RAP1B;TNFRSF1A;PTPN7;MAPK8IP1;CACNA1I;IL1R1;JUN;RAC3;FGF12;NGF;PTPN5;PDGFA;MRAS;RASGRP4;PDGFRA;GADD45A;DUSP9;DUSP3;BDNF;PPM1A;MAPK3;DUSP1;NRAS;MAPK12;PDGFRB;MAPK14;HSPA1A;NFKB1;GNG12;MAP4K1;CACNB4;CACNA2D3;AKT3;FOS;MAP2K5;DUSP2;MAP3K14;MAP3K3;TGFBR1;AKT1;CACNG7;FGF20;NR4A1;LAMTOR3;TAB1;PLA2G12A;MAPK8IP2;PRKCB;DUSP6;FGFR1;FGF7;FGF9;SRF;FGF4;PLA2G2D;MAPK1;DUSP8;RELB;FGF1;NTRK1;GADD45G;RASGRF2;CACNA1C
prerank,KEGG_WNT_SIGNALING_PATHWAY,0.6067503877678506,1.7969455756639796,0.0,0.003356097275638682,0.045,55/150,12.32%,PRKACB;CHP2;FZD8;NFATC4;SFRP1;SFRP4;MAPK10;WNT9A;SFRP2;PRICKLE1;WNT7B;PPP2R5B;FZD1;PPP3CC;WNT4;TCF7L1;FZD2;LEF1;WNT10B;DAAM2;DKK2;SOX17;TBL1Y;JUN;WNT9B;WNT2;RAC3;PLCB2;WNT11;PPP2CB;MMP7;CTNNBIP1;RHOA;PRICKLE2;PLCB4;FZD6;PPP2R5E;VANGL1;FZD10;CCND3;PRKCB;SFRP5;WNT16;FRAT2;DVL3;WNT6;DVL2;CER1;WNT5B;FZD4;FZD7;DAAM1;MYC;PRKACA;CUL1
prerank,KEGG_STARCH_AND_SUCROSE_METABOLISM,0.7096374696186464,1.7969339600247556,0.0,0.003265391943864664,0.045,21/51,11.71%,ENPP3;UGT2B15;UGT1A8;UGT2A3;UGT2B17;GBA3;UGT1A10;HK1;PGM2L1;SI;UGP2;UGDH;PGM1;GCK;AGL;PYGL;UGT2B4;UGT1A7;UXS1;HK3;GYS2
prerank,KEGG_ASCORBATE_AND_ALDARATE_METABOLISM,0.7987531672718637,1.7876579972278699,0.0,0.003366487669680907,0.047,12/25,14.55%,UGT2B15;UGT1A8;UGT2A3;UGT2B17;UGT1A10;ALDH1B1;UGDH;UGT2B4;UGT1A7;ALDH9A1;ALDH7A1;ALDH2
prerank,KEGG_METABOLISM_OF_XENOBIOTICS_BY_CYTOCHROME_P450,0.656703855158787,1.7705612964123667,0.0,0.00419132510441754,0.059,18/69,7.01%,ADH1C;ADH1B;ALDH1A3;UGT2B15;UGT1A8;UGT2A3;UGT2B17;CYP1B1;GSTM1;ALDH3B2;UGT1A10;GSTM2;GSTM5;CYP3A4;ADH5;MGST1;CYP2C8;GSTA1
prerank,KEGG_ACUTE_MYELOID_LEUKEMIA,0.6764210502392802,1.767481255626525,0.0,0.0042049924688884665,0.061,29/55,15.16%,SPI1;KIT;PIM2;CEBPA;BAD;TCF7L1;LEF1;SOS2;ARAF;PML;CCNA1;MAPK3;NRAS;NFKB1;RUNX1T1;AKT3;EIF4EBP1;PIK3R3;AKT1;MAPK1;MYC;KRAS;CHUK;RARA;RUNX1;AKT2;MAP2K1;PPARD;PIK3CG
prerank,KEGG_DILATED_CARDIOMYOPATHY,0.6163320611540455,1.7529316454537884,0.0,0.005084704050322021,0.075,38/90,10.86%,PRKACB;ITGA8;ADCY5;TGFB1;IGF1;TGFB3;DMD;CACNA2D2;TPM1;CACNA2D1;TGFB2;SGCD;ITGB6;MYL3;ITGA9;RYR2;ITGA1;ADCY2;ITGA5;SGCG;TNNC1;CACNB4;CACNA2D3;ACTB;TPM4;ITGB3;CACNG7;ADCY4;ITGA4;ITGB1;ITGAV;SLC8A1;ITGB5;ACTC1;CACNA1C;ITGB8;ITGB7;CACNB3
prerank,KEGG_RENIN_ANGIOTENSIN_SYSTEM,0.8205855167745689,1.734061022143933,0.0049504950495049506,0.0065993845588189215,0.097,13/17,13.42%,REN;AGT;ACE2;CTSG;CMA1;NLN;CPA3;MAS1;CTSA;THOP1;ENPEP;AGTR2;MME
prerank,KEGG_NATURAL_KILLER_CELL_MEDIATED_CYTOTOXICITY,0.5870587859391065,1.7340012390508708,0.0,0.0064459104993115045,0.097,58/132,16.20%,CHP2;TYROBP;NFATC4;VAV3;HCST;PPP3CC;FCER1G;NCR3;CD48;ITGB2;SYK;SOS2;ARAF;TNFRSF10C;GZMB;RAC3;KIR3DL1;VAV1;RAET1L;SHC4;MAPK3;NRAS;SH2D1A;KLRC3;ICAM2;PIK3R3;IFNAR1;ZAP70;PRKCB;CD247;CD244;HLA-B;MAPK1;KIR3DL2;TNFSF10;FCGR3A;FCGR3B;IFNAR2;FYN;CASP3;BID;HLA-C;HLA-A;RAET1G;FAS;KRAS;PLCG2;PPP3CA;MAP2K1;KIR2DL3;IFNGR2;PTK2B;IFNA8;PIK3CG;FASLG;PRF1;SHC2;ULBP3
prerank,KEGG_ANTIGEN_PROCESSING_AND_PRESENTATION,0.6357018122580416,1.729790563435568,0.0,0.00667630046276786,0.103,30/78,11.79%,HSPA2;HLA-DRB1;HLA-DPA1;HLA-DPB1;HLA-DRB5;HLA-DRA;HLA-DQA1;HLA-DMA;HLA-DMB;HLA-DQB1;CTSL;CD4;HLA-DOA;CD74;KIR3DL1;CTSS;CTSB;LGMN;KLRC3;HSPA1A;HLA-DQA2;B2M;HLA-B;KIR3DL2;LTA;RFXANK;NFYB;HLA-C;HLA-A;CD8A
prerank,KEGG_PORPHYRIN_AND_CHLOROPHYLL_METABOLISM,0.7053028626077541,1.7274651532117187,0.007614213197969543,0.006949095535440094,0.111,14/40,10.85%,UGT2B15;UGT1A8;UGT2A3;UGT2B17;BLVRA;UGT1A10;HMOX1;MMAB;FECH;UGT2B4;UGT1A7;HCCS;UROS;UROD
prerank,KEGG_PEROXISOME,0.6334557165077895,1.7238284203071883,0.0025906735751295338,0.0070040290969850755,0.114,42/78,15.93%,ACSL6;AMACR;CAT;AGXT;SLC27A2;DDO;MVK;NUDT19;PRDX5;AGPS;CROT;FAR2;ACOX2;ABCD2;PEX11G;PEX11B;PEX3;PXMP4;MPV17;PEX2;EPHX2;DHRS4;PEX5;PMVK;ABCD1;ACAA1;PXMP2;ABCD3;HSD17B4;SOD2;CRAT;SLC25A17;FAR1;ACSL5;PEX19;PHYH;EHHADH;SCP2;ACSL4;HMGCL;HACL1;PEX6
prerank,KEGG_B_CELL_RECEPTOR_SIGNALING_PATHWAY,0.6366535959954718,1.7217977120004135,0.002617801047120419,0.00705662506016644,0.118,27/75,9.16%,CHP2;NFATC4;CD79B;VAV3;PPP3CC;SYK;NFKBIA;SOS2;JUN;RAC3;VAV1;CARD11;MAPK3;NRAS;NFKBIE;IFITM1;NFKB1;AKT3;FOS;CD19;PIK3R3;BTK;AKT1;PRKCB;CR2;BCL10;MAPK1
prerank,KEGG_TYPE_I_DIABETES_MELLITUS,0.6881117023200599,1.7207008900038077,0.002583979328165375,0.00690961203807964,0.118,14/41,3.91%,CPE;HLA-DRB1;HLA-DPA1;HLA-DPB1;HLA-DRB5;HLA-DRA;HLA-DQA1;PTPRN;HLA-DMA;HLA-DMB;IL12A;HLA-DQB1;HLA-DOA;GZMB
prerank,KEGG_TYROSINE_METABOLISM,0.6949353878330725,1.7124197509899948,0.0,0.007638848060757433,0.134,13/41,7.14%,ADH1C;ADH1B;TYRP1;ALDH1A3;IL4I1;ALDH3B2;COMT;ADH5;MAOA;FAH;AOX1;DDC;MAOB
prerank,KEGG_TOLL_LIKE_RECEPTOR_SIGNALING_PATHWAY,0.610613563762548,1.708908964046167,0.0,0.007865112674202654,0.14,42/102,15.16%,LY96;CTSK;CD14;MAPK10;IL12A;TLR3;TLR7;MAPK11;NFKBIA;JUN;IKBKE;MAPK3;MAPK12;MAPK14;NFKB1;AKT3;FOS;IRAK4;PIK3R3;IFNAR1;CCL5;TLR1;AKT1;TRAF3;TAB1;IRAK1;MAPK1;CXCL10;TOLLIP;IFNAR2;CD86;CHUK;SPP1;MAP2K6;IRF7;MYD88;FADD;AKT2;MAP2K1;MAPK13;IFNA8;PIK3CG
prerank,KEGG_NEUROTROPHIN_SIGNALING_PATHWAY,0.5826255503928718,1.7070534991072102,0.0,0.007943150645456257,0.145,55/120,16.00%,ARHGDIB;MAPK10;BAD;NTRK3;CALM1;RAP1A;MAPK11;NFKBIA;SOS2;RAP1B;JUN;CALML3;YWHAH;NGF;NGFR;SH2B2;BDNF;SHC4;PRKCD;RHOA;MAPK3;NRAS;MAPK12;MAPK14;SORT1;NFKBIE;NFKB1;AKT3;MAP2K5;IRAK4;MAP3K3;PIK3R3;AKT1;YWHAQ;IRAK1;SH2B3;MAPK1;NTRK1;IRAK2;CSK;MAPKAPK2;BEX3;KRAS;PLCG2;BCL2;AKT2;MAP2K1;CALML6;MAPK13;ABL1;PIK3CG;CALM2;FASLG;CAMK4;SHC2
prerank,KEGG_INSULIN_SIGNALING_PATHWAY,0.5719254140135291,1.6992078310111023,0.0,0.008610439616683858,0.156,46/133,12.36%,PRKACB;PPP1R3C;PDE3A;MAPK10;SOCS2;BAD;SORBS1;PRKAR2B;SLC2A4;CALM1;HK1;INPP5K;SOS2;ARAF;CALML3;PRKAR1B;SH2B2;PRKAB1;SHC4;SOCS3;MAPK3;NRAS;PRKAR1A;FBP1;PHKA1;AKT3;EIF4EBP1;PIK3R3;AKT1;GCK;PYGL;SOCS1;MAPK1;RHOQ;FLOT1;PRKAR2A;PDE3B;PCK2;PPP1R3B;PRKAG1;HK3;GYS2;TSC2;PPP1CB;PRKACA;KRAS
prerank,KEGG_BASAL_CELL_CARCINOMA,0.6604220855461028,1.6949040352780254,0.0,0.008582073388536652,0.158,28/55,11.43%,FZD8;SMO;WNT9A;PTCH2;WNT7B;FZD1;WNT4;TCF7L1;FZD2;LEF1;WNT10B;GLI1;WNT9B;WNT2;WNT11;SUFU;GLI2;FZD6;FZD10;GLI3;WNT16;HHIP;DVL3;WNT6;DVL2;WNT5B;FZD4;FZD7
prerank,KEGG_DRUG_METABOLISM_OTHER_ENZYMES,0.6577123516456096,1.6889049935552622,0.005037783375314861,0.00908120439290467,0.168,13/51,8.23%,NAT2;UGT2B15;TYMP;UGT1A8;UGT2A3;UGT2B17;UGT1A10;NAT1;CYP3A4;IMPDH1;DPYS;DPYD;UGT2B4
prerank,KEGG_GLUTATHIONE_METABOLISM,0.6586813616001794,1.6863442268900624,0.002570694087403599,0.009260674835452192,0.176,18/49,12.34%,GSTM1;GPX3;GSTM2;GSTM5;GPX7;GGT5;GPX4;GPX1;GSR;MGST1;GGT1;GSTA1;GGT6;GSTA4;GCLM;GSTT2;GGT7;RRM2B
prerank,KEGG_VASCULAR_SMOOTH_MUSCLE_CONTRACTION,0.5862941570173615,1.6832223030344589,0.0,0.009518343113681136,0.186,36/114,9.16%,PRKACB;ADCY5;KCNMA1;PLA2G5;GUCY1B1;ADRA1B;CALD1;NPR1;RAMP2;RAMP3;CALCRL;PPP1R14A;MYL6;CALM1;PRKG1;PTGIR;PLA2G10;ARAF;CALML3;GUCY1A1;PLCB2;AVPR1A;ADCY2;ADRA1D;EDNRA;PRKCD;RHOA;MAPK3;NPR2;PLCB4;ADCY4;PLA2G12A;CYP4A11;PRKCB;PLA2G2D;MAPK1
prerank,KEGG_COLORECTAL_CANCER,0.6370414272595347,1.6778527197906097,0.0,0.00980853197586042,0.191,28/62,14.45%,TGFB1;MAPK10;TGFB3;TGFB2;TGFBR2;BAD;TCF7L1;LEF1;ARAF;JUN;RAC3;DCC;RHOA;MAPK3;AKT3;FOS;TGFBR1;PIK3R3;AKT1;MAPK1;MLH1;CASP3;MYC;KRAS;SMAD4;BCL2;AKT2;MAP2K1
prerank,KEGG_PROGESTERONE_MEDIATED_OOCYTE_MATURATION,0.6066419555364915,1.6778477775811373,0.0,0.009639419355586966,0.191,23/81,10.02%,PRKACB;ADCY5;PGR;PDE3A;MAPK10;IGF1;GNAI1;CPEB1;MAPK11;GNAI2;ARAF;ADCY2;CCNA1;MAPK3;MAPK12;MAPK14;AKT3;PIK3R3;AKT1;ADCY4;MAPK1;ANAPC5;PDE3B
prerank,KEGG_T_CELL_RECEPTOR_SIGNALING_PATHWAY,0.5841743428448289,1.6765254535627843,0.002770083102493075,0.009636650203229716,0.194,49/108,15.30%,CHP2;NFATC4;VAV3;IL10;CD3D;CD3E;CD4;PPP3CC;PDCD1;PAK3;MAPK11;NFKBIA;SOS2;JUN;CD3G;CDK4;VAV1;CARD11;RHOA;MAPK3;NRAS;MAPK12;MAPK14;NFKBIE;NFKB1;AKT3;FOS;MAP3K14;PIK3R3;AKT1;ZAP70;CD247;CD40LG;BCL10;MAPK1;NCK1;FYN;CD8A;CD28;KRAS;CHUK;NCK2;AKT2;PPP3CA;MAP2K1;PAK4;MAPK13;PIK3CG;CD8B
prerank,KEGG_ARRHYTHMOGENIC_RIGHT_VENTRICULAR_CARDIOMYOPATHY_ARVC,0.6093254554864916,1.6763116201011334,0.0,0.009476039366509221,0.194,32/74,10.86%,ITGA8;DMD;CACNA2D2;GJA1;CACNA2D1;TCF7L1;ACTN1;SGCD;ITGB6;LEF1;ITGA9;RYR2;ITGA1;ITGA5;SGCG;CTNNA2;ACTN2;CACNB4;CACNA2D3;ACTB;ITGB3;CACNG7;ITGA4;ITGB1;ACTN3;ITGAV;SLC8A1;ITGB5;CACNA1C;ITGB8;ITGB7;CACNB3
prerank,KEGG_ADIPOCYTOKINE_SIGNALING_PATHWAY,0.6292272039395143,1.675790519142542,0.0,0.009437203139597297,0.196,20/66,7.53%,CD36;ACSL6;MAPK10;POMC;CPT1C;SLC2A4;STK11;TRADD;NFKBIA;TNFRSF1A;LEPR;RXRG;ADIPOQ;PRKAB1;SOCS3;CAMKK2;NFKBIE;NFKB1;AKT3;AKT1
prerank,KEGG_SPHINGOLIPID_METABOLISM,0.6873099142686286,1.6745920161752748,0.0049261083743842365,0.009476039366509221,0.199,21/38,16.71%,PLPP1;SMPD1;ASAH1;PLPP3;NEU4;ACER3;ACER2;SGPP1;SGMS1;SPHK1;SPHK2;GLB1;DEGS1;CERK;SMPD3;SMPD2;SGMS2;GALC;SPTLC1;DEGS2;ARSA
prerank,KEGG_GLYCOLYSIS_GLUCONEOGENESIS,0.6321384457328872,1.6722789382789378,0.002512562814070352,0.009438436035689739,0.202,22/61,13.76%,ADH1C;ADH1B;ALDH1A3;ALDH3B2;HK1;ALDH1B1;ADH5;FBP1;PGM1;GCK;PFKL;PCK2;ADH6;LDHB;PDHB;PFKM;HK3;DLD;ALDH9A1;PGK2;ALDH7A1;TPI1
prerank,KEGG_PRIMARY_BILE_ACID_BIOSYNTHESIS,0.8139582294105399,1.6672184080575838,0.002369668246445498,0.009846197154263487,0.21,10/16,15.17%,CH25H;AMACR;CYP46A1;ACOX2;HSD3B7;CYP39A1;CYP27A1;HSD17B4;SCP2;SLC27A5
prerank,KEGG_PRION_DISEASES,0.6979093727049078,1.649112150816495,0.010075566750629723,0.012027280734415549,0.253,14/35,9.16%,PRKACB;C1QC;EGR1;C1QA;C1QB;NCAM2;PRNP;C9;MAPK3;C6;HSPA1A;CCL5;LAMC1;MAPK1
prerank,KEGG_CITRATE_CYCLE_TCA_CYCLE,0.7003324526981706,1.645123188139643,0.007444168734491315,0.012275778270250582,0.26,20/31,21.63%,OGDHL;CS;PC;ACO2;PCK2;SUCLG2;PDHB;SUCLG1;DLD;IDH3B;DLST;IDH3G;FH;DLAT;IDH1;OGDH;PCK1;SUCLG2P2;SUCLA2;IDH3A
prerank,KEGG_VASOPRESSIN_REGULATED_WATER_REABSORPTION,0.6523610075511421,1.6392388522871895,0.002652519893899204,0.012905799883492036,0.274,11/44,6.38%,PRKACB;ARHGDIB;DYNC1I1;AQP3;AQP4;DCTN2;DYNC1LI1;VAMP2;RAB11B;RAB5B;RAB5C
prerank,KEGG_PURINE_METABOLISM,0.5428768815180446,1.6282349746451426,0.0,0.014318574189835625,0.3,39/156,10.15%,URAD;ENPP3;PDE9A;ADCY5;NME5;GUCY1B1;PDE3A;AMPD1;NPR1;PDE6G;ENTPD5;NME3;PAPSS1;PDE1A;PDE1B;GUCY2C;IMPDH1;GUCY1A1;POLR2L;ADCY2;NPR2;PDE1C;PDE4B;ENTPD3;PRIM1;POLR2E;POLR3G;ENTPD8;ADSL;ADCY4;PDE4A;PDE6B;NME7;AK4;PDE7B;ENTPD1;PDE3B;PDE5A;POLE4
prerank,KEGG_ABC_TRANSPORTERS,0.6358525739868185,1.619802559552051,0.005263157894736842,0.015244063328732224,0.318,17/44,11.85%,ABCB1;ABCA8;ABCG1;ABCA9;ABCB4;CFTR;ABCC4;ABCD2;ABCA4;ABCA3;ABCB5;ABCA6;ABCG4;ABCA13;ABCD1;ABCD3;ABCA10
prerank,KEGG_PROSTATE_CANCER,0.5753940218804721,1.6192615648783422,0.0,0.015093976990939686,0.32,23/89,9.16%,EGF;PDGFD;IGF1;PDGFC;KLK3;BAD;TCF7L1;LEF1;NFKBIA;SOS2;ARAF;CDKN1A;PDGFA;PDGFRA;MAPK3;NRAS;PDGFRB;NFKB1;AKT3;PIK3R3;AKT1;FGFR1;MAPK1
prerank,KEGG_EPITHELIAL_CELL_SIGNALING_IN_HELICOBACTER_PYLORI_INFECTION,0.5975140217921879,1.6176786294945513,0.0,0.015215049123690861,0.325,30/68,13.49%,ATP6V0E2;MAPK10;ATP6V1H;ATP6V1G2;MAPK11;NFKBIA;ATP6V0D1;JUN;ATP6V0D2;HBEGF;MAPK12;MAPK14;NFKB1;MAP3K14;CXCR2;CCL5;ATP6V1A;ATP6V1E1;ATP6V1B2;CXCR1;TJP1;ATP6AP1;ATP6V0E1;ATP6V0B;CASP3;CSK;IGSF5;CHUK;PLCG2;ATP6V1D
prerank,KEGG_STEROID_HORMONE_BIOSYNTHESIS,0.6146220211133123,1.6126074847607232,0.0,0.01582630185864908,0.341,18/55,11.88%,HSD3B2;UGT2B15;UGT1A8;UGT2A3;UGT2B17;CYP1B1;CYP21A2;HSD11B1;COMT;UGT1A10;CYP3A4;HSD17B8;UGT2B4;HSD11B2;CYP11A1;UGT1A7;CYP1A1;HSD17B2
prerank,KEGG_AMYOTROPHIC_LATERAL_SCLEROSIS_ALS,0.6341056330558751,1.6031041416411997,0.015113350125944584,0.017361921442063125,0.372,24/53,15.89%,CHP2;GRIN2A;CAT;BAD;PPP3CC;TOMM40L;MAPK11;TNFRSF1A;GPX1;GRIN1;MAPK12;MAPK14;PRPH2;SLC1A2;CASP3;BID;APAF1;MAP2K6;GRIA2;BCL2;PPP3CA;MAPK13;RAB5A;GRIA1
prerank,KEGG_HYPERTROPHIC_CARDIOMYOPATHY_HCM,0.5733995761716283,1.5896897854747942,0.002688172043010753,0.019592351663187985,0.414,36/83,10.90%,ITGA8;TGFB1;IGF1;TGFB3;DMD;CACNA2D2;TPM1;CACNA2D1;TGFB2;SGCD;ITGB6;MYL3;ITGA9;RYR2;ITGA1;ITGA5;SGCG;PRKAB1;TNNC1;CACNB4;CACNA2D3;ACTB;TPM4;ITGB3;CACNG7;ITGA4;ITGB1;ITGAV;SLC8A1;ITGB5;ACTC1;CACNA1C;ITGB8;ITGB7;CACNB3;PRKAG1
prerank,KEGG_GLYCOSAMINOGLYCAN_DEGRADATION,0.7427381105809718,1.572963095054278,0.021621621621621623,0.022710907681733766,0.463,12/21,14.67%,HPSE2;ARSB;HYAL3;HS3ST3A1;SGSH;HYAL2;HYAL4;IDS;GLB1;HEXB;HS3ST3B1;HYAL1
prerank,KEGG_SMALL_CELL_LUNG_CANCER,0.5646520334740533,1.5665840729935896,0.010810810810810811,0.023939467873286453,0.487,38/84,14.40%,COL4A6;COL4A2;NFKBIA;RXRG;COL4A1;CDK4;RARB;LAMA4;TRAF5;LAMC3;CDKN2B;NFKB1;AKT3;PIK3R3;LAMB1;FN1;AKT1;LAMA3;LAMB4;TRAF3;ITGB1;ITGAV;PIAS3;LAMC1;LAMB2;COL4A4;LAMC2;APAF1;CDKN1B;MYC;CHUK;MAX;LAMA1;LAMA5;BIRC2;BCL2;PIAS4;AKT2
prerank,KEGG_PATHOGENIC_ESCHERICHIA_COLI_INFECTION,0.6020919680349085,1.5546196914512767,0.012594458438287154,0.02630523915053696,0.514,18/56,10.92%,LY96;TUBA1A;CD14;TUBB4A;WAS;TUBB2B;TUBB2A;HCLS1;RHOA;ACTB;TUBB6;ARPC5;ITGB1;YWHAQ;WASL;NCK1;ARPC5L;FYN
prerank,KEGG_LONG_TERM_POTENTIATION,0.5805836115779507,1.550123837857781,0.009925558312655087,0.026970265889295474,0.53,31/66,16.00%,PRKACB;CHP2;GRIN2A;RAPGEF3;PPP3CC;CALM1;RAP1A;RAP1B;ARAF;CALML3;PLCB2;GRIN1;MAPK3;NRAS;PLCB4;PRKCB;GRM1;MAPK1;CACNA1C;PPP1CB;PRKACA;KRAS;GRIA2;PLCB1;PPP1CC;PPP3CA;MAP2K1;CALML6;CALM2;GRIA1;CAMK4
prerank,KEGG_TRYPTOPHAN_METABOLISM,0.638470431024332,1.5453634239498084,0.017114914425427872,0.027828368772533408,0.544,24/39,14.86%,TDO2;OGDHL;INMT;CYP1B1;CAT;IL4I1;HADH;ALDH1B1;HAAO;MAOA;ACAT1;AOX1;DDC;MAOB;HADHA;AADAT;CYP1A1;TPH1;AOC1;ALDH9A1;ALDH7A1;EHHADH;ALDH2;TPH2
prerank,KEGG_OOCYTE_MEIOSIS,0.5268234001205013,1.538575977475545,0.002617801047120419,0.028813082198792098,0.561,20/108,9.51%,PRKACB;CHP2;ADCY5;PGR;IGF1;PPP2R5B;PPP3CC;CPEB1;CALM1;CALML3;YWHAH;PPP2CB;ADCY2;MAPK3;MAPK12;PPP2R5E;ADCY4;YWHAQ;MAPK1;ANAPC5
prerank,KEGG_CHRONIC_MYELOID_LEUKEMIA,0.5688428162318043,1.533520076012405,0.010810810810810811,0.02951025839755495,0.573,31/73,15.16%,TGFB1;TGFB3;TGFB2;TGFBR2;BAD;NFKBIA;SOS2;ARAF;CDKN1A;CDK4;SHC4;MAPK3;NRAS;NFKB1;AKT3;TGFBR1;PIK3R3;AKT1;MAPK1;BCR;CDKN1B;MYC;KRAS;CHUK;SMAD4;RUNX1;HDAC2;AKT2;MAP2K1;ABL1;PIK3CG
prerank,KEGG_PENTOSE_AND_GLUCURONATE_INTERCONVERSIONS,0.6671091032303451,1.5278113466853618,0.02666666666666667,0.030479333938009837,0.59,10/28,9.98%,AKR1B1;UGT2B15;UGT1A8;UGT2A3;UGT2B17;UGT1A10;UGP2;UGDH;UGT2B4;UGT1A7
prerank,KEGG_GLIOMA,0.5630397656509868,1.5208190016570835,0.005221932114882507,0.03168193884585914,0.61,29/65,16.00%,EGF;IGF1;CALM1;SOS2;ARAF;CALML3;CDKN1A;PDGFA;CDK4;PDGFRA;SHC4;MAPK3;NRAS;PDGFRB;AKT3;PIK3R3;AKT1;PRKCB;MAPK1;TGFA;KRAS;PLCG2;PDGFB;AKT2;MAP2K1;CALML6;PIK3CG;CALM2;SHC2
prerank,KEGG_TERPENOID_BACKBONE_BIOSYNTHESIS,0.7611562723253379,1.5200105035740823,0.024154589371980676,0.03144578539779101,0.611,9/15,16.50%,HMGCS2;MVK;ACAT1;PDSS2;PMVK;DHDDS;IDI1;FDPS;HMGCR
prerank,KEGG_STEROID_BIOSYNTHESIS,0.7222380479087789,1.5163608587284738,0.04871794871794872,0.03202343891799733,0.622,7/17,12.01%,LIPA;SOAT1;LSS;FDFT1;SOAT2;CYP51A1;SQLE
prerank,KEGG_OTHER_GLYCAN_DEGRADATION,0.7598721976297298,1.511901348676374,0.035623409669211195,0.03253256538327729,0.63,7/15,11.22%,NEU4;AGA;FUCA1;ENGASE;MANBA;GLB1;HEXB
prerank,KEGG_OLFACTORY_TRANSDUCTION,0.4594045336486807,1.5112277222130586,0.0,0.03234923783739354,0.63,17/384,8.37%,CLCA1;PRKACB;CNGA3;CLCA4;OR2W3;GNAL;CALM1;PRKG1;OR51E1;CALML3;PDE1C;OR13A1;OR6T1;OR2C1;OR6M1;OR1F1;OR2T8
prerank,KEGG_AMINO_SUGAR_AND_NUCLEOTIDE_SUGAR_METABOLISM,0.6071836825062914,1.5066174253948992,0.01932367149758454,0.033408422880221424,0.644,19/42,12.11%,RENBP;CYB5R1;HK1;GALK1;CYB5R3;CMAS;AMDHD2;UGP2;UGDH;NAGK;PGM1;GCK;GFPT2;PMM1;FPGT;UXS1;HEXB;HK3;GMPPB
prerank,KEGG_ENDOCYTOSIS,0.485926013424748,1.5051229513380973,0.0,0.033698499544945706,0.65,62/181,12.32%,EGF;HSPA2;ADRB3;EHD2;F2R;KIT;EPN3;SH3GL2;CSF1R;EHD3;AGAP2;ACAP3;PARD6G;RET;ADRB2;IQSEC1;EHD4;SH3GLB1;SMAP1;RAB31;DAB2;IQSEC3;PDGFRA;SH3GL1;ARAP1;ERBB4;VPS4B;WWP1;HSPA1A;RAB11B;AP2M1;RAB5B;PIP5K1C;RAB5C;CXCR2;ASAP3;CHMP6;NEDD4L;IL2RB;DNM3;RNF41;SH3GL3;CXCR1;GRK6;CHMP3;HLA-B;CLTB;VPS25;EHD1;NTRK1;VPS37B;STAM;CLTA;SMAP2;EEA1;HLA-C;RAB11FIP1;KDR;HLA-A;PARD6A;VPS37D;VPS45
prerank,KEGG_PANCREATIC_CANCER,0.5507897016731046,1.4980127815829667,0.013020833333333334,0.03532456897182048,0.662,18/70,7.53%,EGF;TGFB1;MAPK10;TGFB3;TGFB2;TGFBR2;BAD;PGF;ARAF;RAC3;CDK4;MAPK3;ARHGEF6;NFKB1;AKT3;TGFBR1;PIK3R3;AKT1
prerank,KEGG_GLYCOSAMINOGLYCAN_BIOSYNTHESIS_CHONDROITIN_SULFATE,0.6751286214866609,1.4977436684879697,0.02977667493796526,0.03509258534630337,0.664,11/22,14.68%,CHST7;CHSY3;CHST14;UST;CSGALNACT1;CHST15;CHST12;CHST3;CHST11;DSE;CSGALNACT2
prerank,KEGG_BLADDER_CANCER,0.5980629763940764,1.4901961097528162,0.024691358024691357,0.037363405219578476,0.689,16/41,9.70%,EGF;TYMP;DAPK3;PGF;ARAF;MMP2;CDKN1A;MMP9;CDK4;MAPK3;NRAS;DAPK1;THBS1;RASSF1;MAPK1;VEGFB
prerank,KEGG_FC_GAMMA_R_MEDIATED_PHAGOCYTOSIS,0.5263338973485003,1.4893190706041286,0.007853403141361256,0.03724185363934538,0.689,32/94,10.06%,CFL2;PLPP1;GSN;VAV3;WAS;PLPP3;HCK;SYK;FCGR1A;MARCKS;SCIN;VAV1;AMPH;PRKCD;MAPK3;PLA2G4F;PIP5K1C;AKT3;ASAP3;PIK3R3;NCF1;AKT1;SPHK1;ARPC5;PRKCB;WASL;DNM3;PLA2G4D;SPHK2;MAPK1;FCGR3A;ARPC5L
prerank,KEGG_ERBB_SIGNALING_PATHWAY,0.5376341941712364,1.4831526515209088,0.012919896640826873,0.039239875780996955,0.709,36/85,15.16%,EGF;MAPK10;EREG;BAD;PAK3;SOS2;ARAF;JUN;NRG1;CDKN1A;NRG3;BTC;SHC4;ERBB4;MAPK3;HBEGF;NRAS;NRG2;AKT3;EIF4EBP1;PIK3R3;AKT1;PRKCB;MAPK1;NCK1;CDKN1B;TGFA;MYC;KRAS;PLCG2;NCK2;AKT2;MAP2K1;PAK4;ABL1;PIK3CG
prerank,KEGG_ALZHEIMERS_DISEASE,0.48963553110915925,1.4761325755753256,0.008620689655172414,0.041170897352912426,0.733,62/165,16.63%,CHP2;LPL;APBB1;COX4I2;GRIN2A;BAD;PPP3CC;CALM1;COX7A1;SNCA;APOE;TNFRSF1A;CALML3;PLCB2;GRIN1;MAPK3;ATP2A3;PLCB4;BACE1;ATP5F1D;CYC1;CAPN1;MAPK1;CDK5;CASP7;UQCR10;CACNA1C;ATP5PB;NDUFB1;CASP3;BID;COX6A2;MT-CO3;APAF1;APP;FAS;APH1A;ATP5F1A;COX5A;LRP1;MME;FADD;ATP5F1B;PLCB1;NDUFV1;NDUFA6;PPP3CA;UQCRC2;UQCR11;ATP5PF;CALML6;UQCRQ;CALM2;NDUFS4;NDUFB7;CACNA1S;UQCRFS1;COX5B;ITPR1;NDUFB8;NDUFV3;NDUFA9
prerank,KEGG_RIBOFLAVIN_METABOLISM,0.7472110417065629,1.459886154638651,0.055944055944055944,0.04646714095608558,0.788,4/15,5.13%,ENPP3;ACP5;MTMR1;MTMR6
prerank,KEGG_ENDOMETRIAL_CANCER,0.5692329729550727,1.4563236098378154,0.02891566265060241,0.04711154623194919,0.797,15/52,9.50%,EGF;BAD;TCF7L1;LEF1;SOS2;ARAF;CTNNA2;MAPK3;NRAS;AKT3;PIK3R3;AKT1;MAPK1;ILK;MLH1
prerank,KEGG_JAK_STAT_SIGNALING_PATHWAY,0.48180438193168174,1.4460730815138079,0.008152173913043478,0.05083701731573696,0.815,41/155,10.94%,CTF1;TSLP;SOCS2;IL13RA2;GHR;LIFR;IL23R;IL10;IL12A;OSMR;SOS2;PRL;LEPR;IL22RA2;IL5RA;SOCS3;IL13RA1;CSF2RB;IL22;AKT3;IL6ST;IL19;PIK3R3;IFNAR1;AKT1;IL10RB;IL2RB;CCND3;IL20RA;IL20RB;SOCS1;PIAS3;OSM;IL20;EPOR;IL3RA;STAM;IL26;IFNE;IFNAR2;JAK3
prerank,KEGG_GLYCEROLIPID_METABOLISM,0.5714775944770285,1.4445163167059307,0.03439153439153439,0.05087388811413788,0.82,15/49,10.29%,DGKB;LPL;PLPP1;AKR1B1;MGLL;PLPP3;ALDH1B1;LIPC;AGPAT3;DGKI;AGK;DGKA;DGKQ;GLYCTK;AGPAT4
prerank,KEGG_HOMOLOGOUS_RECOMBINATION,-0.6427360498489857,-1.4198550875927802,0.04950495049504951,0.3797355436408746,0.896,12/28,13.06%,RPA4;BRCA2;TOP3B;RAD54L;BLM;RAD51B;XRCC2;EME1;RAD51D;SEM1;POLD3;RAD52
prerank,KEGG_RENAL_CELL_CARCINOMA,0.5262719445132101,1.4191876065177182,0.03125,0.06178377666964012,0.881,31/70,15.16%,HGF;TGFB1;TGFB3;TGFB2;PAK3;RAP1A;SOS2;RAP1B;PGF;ARAF;JUN;EPAS1;MAPK3;NRAS;AKT3;ETS1;PIK3R3;AKT1;MAPK1;VEGFB;CUL2;TGFA;KRAS;EGLN1;PDGFB;RBX1;AKT2;MAP2K1;ARNT2;PAK4;PIK3CG
prerank,KEGG_NITROGEN_METABOLISM,0.636768322920789,1.411743770215545,0.06005221932114883,0.06537059830312178,0.891,5/23,6.03%,CA4;CA1;CA7;GLUL;HAL
prerank,KEGG_BUTANOATE_METABOLISM,0.5789020399462574,1.4061882828202086,0.053864168618266976,0.06763290841979129,0.906,19/34,16.16%,HMGCS2;HADH;ACSM5;ALDH1B1;ACSM3;ACSM1;ACADS;ABAT;ACAT1;BDH2;HADHA;OXCT2;PDHB;ALDH9A1;ALDH7A1;EHHADH;ALDH2;HMGCL;BDH1
prerank,KEGG_ETHER_LIPID_METABOLISM,0.604410098696087,1.4035520266950945,0.0477326968973747,0.06835628397394515,0.908,12/33,9.15%,ENPP2;PLPP1;PLA2G5;PLPP3;PLA2G10;AGPS;PAFAH2;ENPP6;PLA2G7;PLA2G12A;PAFAH1B1;PLA2G2D
prerank,KEGG_ARACHIDONIC_ACID_METABOLISM,0.5455037090606781,1.4000850726017093,0.04891304347826087,0.06943021151230795,0.913,21/58,9.15%,PTGDS;PLA2G5;PTGS1;GPX3;CYP2U1;PLA2G10;GPX7;GGT5;GPX4;GPX1;PTGES;GGT1;CYP2C8;HPGDS;ALOX5;CYP2J2;GGT6;PLA2G12A;CYP4A11;EPHX2;PLA2G2D
prerank,KEGG_NICOTINATE_AND_NICOTINAMIDE_METABOLISM,0.6375737604832309,1.3983148425437053,0.08974358974358974,0.06971657533931784,0.917,6/24,8.00%,ENPP3;BST1;NNMT;CD38;AOX1;NNT
prerank,KEGG_TIGHT_JUNCTION,0.4811062597482002,1.3915355231522473,0.016,0.07243359336522733,0.923,34/130,9.24%,CLDN5;CLDN23;MAGI2;GNAI1;PARD6G;ACTN1;AMOTL1;CLDN8;GNAI2;PPP2R2B;HCLS1;MRAS;CDK4;PPP2CB;MYH9;CLDN11;CLDN14;CTNNA2;PRKCD;EPB41L3;RHOA;NRAS;ACTN2;YBX3;MYH10;AKT3;ACTB;AKT1;MPDZ;ACTN3;EPB41L2;PRKCB;CLDN4;TJP1
prerank,KEGG_TASTE_TRANSDUCTION,0.5414846900560105,1.391462357275273,0.029197080291970802,0.07175664389452426,0.923,12/51,7.70%,PRKACB;SCNN1B;CACNA1B;ASIC2;PDE1A;TAS1R3;PLCB2;TRPM5;SCNN1A;SCNN1G;TAS1R2;ADCY4
prerank,KEGG_GLYCOSPHINGOLIPID_BIOSYNTHESIS_GANGLIO_SERIES,0.6891228049182442,1.390605377318492,0.09903381642512077,0.07148706549873507,0.923,9/15,12.63%,ST6GALNAC6;ST6GALNAC3;ST6GALNAC5;B4GALNT1;B3GALT4;ST8SIA1;GLB1;HEXB;ST3GAL5
prerank,KEGG_ARGININE_AND_PROLINE_METABOLISM,0.5394393864708678,1.3890082921568982,0.04935064935064935,0.07159191209468205,0.924,22/54,15.24%,CKB;GAMT;NOS3;GATM;ALDH1B1;OAT;GLUL;MAOA;ARG2;CKM;MAOB;ALDH4A1;NAGS;PYCR3;P4HA3;AOC1;ALDH9A1;SAT2;ALDH7A1;ACY1;ALDH2;ASL
prerank,KEGG_ALDOSTERONE_REGULATED_SODIUM_REABSORPTION,0.569939034227215,1.3853626952499931,0.05238095238095238,0.07318086765317802,0.928,13/42,9.16%,SCNN1B;SLC9A3R2;IGF1;HSD11B1;SCNN1A;MAPK3;SCNN1G;PIK3R3;SGK1;NEDD4L;PRKCB;HSD11B2;MAPK1
prerank,KEGG_GNRH_SIGNALING_PATHWAY,0.49019759940676644,1.3834243617257225,0.023622047244094488,0.07369541426251426,0.931,27/101,9.16%,PRKACB;ADCY5;PLA2G5;MAPK10;CALM1;PLA2G10;MAPK11;SOS2;JUN;MMP2;CALML3;PLCB2;ADCY2;MMP14;PRKCD;MAPK3;HBEGF;NRAS;PLCB4;MAPK12;MAPK14;MAP3K3;ADCY4;PLA2G12A;PRKCB;PLA2G2D;MAPK1
prerank,KEGG_BIOSYNTHESIS_OF_UNSATURATED_FATTY_ACIDS,0.6373736000450682,1.3751647508803246,0.08163265306122448,0.07758507231329424,0.943,9/22,11.13%,ACOT2;ELOVL5;FADS2;HACD1;FADS1;ELOVL2;HADHA;ACOT1;ACAA1
prerank,KEGG_VEGF_SIGNALING_PATHWAY,0.5077239165607341,1.3686855034107794,0.029850746268656716,0.08008511146032128,0.951,23/76,9.16%,CHP2;NFATC4;PLA2G5;NOS3;BAD;PPP3CC;PLA2G10;MAPK11;MAPKAPK3;RAC3;MAPK3;NRAS;MAPK12;MAPK14;AKT3;PIK3R3;AKT1;SPHK1;PLA2G12A;PRKCB;PLA2G2D;SPHK2;MAPK1
prerank,KEGG_GLYCINE_SERINE_AND_THREONINE_METABOLISM,0.5780764770443567,1.3680207043424113,0.08409090909090909,0.07965276072769702,0.952,14/31,15.98%,GAMT;GATM;AGXT;SDS;GLDC;MAOA;MAOB;PSAT1;GLYCTK;CTH;DLD;SARDH;GCAT;AMT
prerank,KEGG_FC_EPSILON_RI_SIGNALING_PATHWAY,0.49723274186235383,1.3617818371975507,0.02962962962962963,0.08244154248863021,0.96,25/79,9.16%,FCER1A;VAV3;PLA2G5;MAPK10;FCER1G;PLA2G10;MS4A2;MAPK11;SYK;SOS2;RAC3;VAV1;PRKCD;MAPK3;NRAS;MAPK12;MAPK14;AKT3;PIK3R3;BTK;AKT1;PLA2G12A;PRKCB;PLA2G2D;MAPK1
prerank,KEGG_GALACTOSE_METABOLISM,0.5965044092585676,1.3364205731708836,0.11658031088082901,0.09725193849852783,0.971,13/25,14.80%,AKR1B1;HK1;GALK1;UGP2;PGM1;GCK;PFKL;GLB1;PFKM;B4GALT2;HK3;GALT;B4GALT1
prerank,KEGG_NOD_LIKE_RECEPTOR_SIGNALING_PATHWAY,0.49872296127571064,1.3228866671642026,0.06467661691542288,0.10528932629454689,0.982,16/62,9.16%,CCL13;CCL11;MAPK10;CCL2;MAPK11;NFKBIA;CARD9;CCL8;MAPK3;MAPK12;MAPK14;NFKB1;CCL5;TRIP6;TAB1;MAPK1
prerank,KEGG_NON_SMALL_CELL_LUNG_CANCER,0.5029256344924992,1.3095161865612885,0.09,0.11373254875270071,0.986,16/54,9.16%,EGF;BAD;SOS2;RXRG;ARAF;CDK4;RARB;MAPK3;NRAS;AKT3;RASSF5;PIK3R3;AKT1;PRKCB;RASSF1;MAPK1
prerank,KEGG_FRUCTOSE_AND_MANNOSE_METABOLISM,0.5529044843616624,1.3041455957575463,0.1048780487804878,0.1167583421944886,0.988,13/32,13.76%,AKR1B1;HK1;MTMR1;MTMR6;FBP1;PMM1;FPGT;PFKL;PFKM;HK3;GMPPB;MTMR2;TPI1
prerank,KEGG_PROPANOATE_METABOLISM,0.557562592771918,1.2974193842781718,0.105,0.12111562815319599,0.99,15/32,14.55%,ACADM;PCCA;ALDH1B1;ABAT;ACAT1;HADHA;SUCLG2;LDHB;SUCLG1;ALDH9A1;ALDH6A1;ALDH7A1;PCCB;EHHADH;ALDH2
prerank,KEGG_PHENYLALANINE_METABOLISM,0.6357325989692776,1.2946382752567642,0.13010204081632654,0.12236621082785666,0.99,6/17,7.14%,ALDH1A3;IL4I1;ALDH3B2;MAOA;DDC;MAOB
prerank,KEGG_OXIDATIVE_PHOSPHORYLATION,0.43642716121385916,1.2917740084300158,0.05390835579514825,0.12305258497042812,0.991,45/131,16.63%,ATP6V0E2;ATP6V1H;COX4I2;COX7A1;ATP6V1G2;ATP6V0D1;MT-ND6;ATP6V0D2;ATP5F1D;CYC1;ATP6V1A;ATP6V1E1;LHPP;MT-ND4L;ATP6V1B2;MT-ND1;PPA2;MT-ND5;UQCR10;ATP6AP1;ATP5PB;NDUFB1;ATP6V0E1;ATP6V0B;COX6A2;MT-CO3;ATP5F1A;COX5A;ATP6V1D;ATP5F1B;NDUFV1;NDUFA6;UQCRC2;UQCR11;ATP5PF;UQCRQ;COX10;NDUFS4;ATP6V1C1;NDUFB7;UQCRFS1;COX5B;NDUFB8;NDUFV3;NDUFA9
prerank,KEGG_NOTCH_SIGNALING_PATHWAY,0.5124114655247587,1.2901085643988073,0.10337078651685393,0.1235159358890724,0.991,18/47,15.20%,MFNG;JAG2;HES5;DLL1;JAG1;NOTCH3;PTCRA;KAT2B;DVL3;DVL2;DLL3;NOTCH4;DLL4;APH1A;HDAC2;LFNG;NUMBL;HES1
prerank,KEGG_PARKINSONS_DISEASE,0.4347579695907495,1.287339095972203,0.056179775280898875,0.12492705930968506,0.992,46/127,16.63%,SNCAIP;COX4I2;COX7A1;SNCA;PINK1;HTRA2;MT-ND6;UBE2J1;SLC25A4;ATP5F1D;CYC1;VDAC3;UBE2G1;MT-ND4L;MT-ND1;UBE2G2;UBE2J2;MT-ND5;UQCR10;SLC25A5;ATP5PB;NDUFB1;CASP3;COX6A2;MT-CO3;APAF1;ATP5F1A;UBE2L3;COX5A;LRRK2;ATP5F1B;NDUFV1;NDUFA6;UQCRC2;UBA7;UQCR11;ATP5PF;UQCRQ;NDUFS4;NDUFB7;UQCRFS1;PRKN;COX5B;NDUFB8;NDUFV3;NDUFA9
prerank,KEGG_LONG_TERM_DEPRESSION,0.4806131731008546,1.2799301754734826,0.08983451536643026,0.12982173932117633,0.994,28/70,14.45%,PLA2G5;GUCY1B1;IGF1;GNAI1;PRKG1;PLA2G10;GNAI2;ARAF;GUCY1A1;PLCB2;PPP2CB;MAPK3;NRAS;PLCB4;PLA2G12A;PRKCB;GRM1;PLA2G2D;MAPK1;GRID2;GNAZ;KRAS;GUCY1A2;GRIA2;GNAI3;PLCB1;GNA12;MAP2K1
prerank,KEGG_PANTOTHENATE_AND_COA_BIOSYNTHESIS,0.6308694888929292,1.2790080903925711,0.16791979949874686,0.12935545801901474,0.994,9/16,16.06%,ENPP3;PANK1;DPYS;DPYD;ENPP1;BCAT2;PANK4;PANK2;PPCS
prerank,KEGG_PYRUVATE_METABOLISM,0.518177327433833,1.27480719851365,0.11363636363636363,0.1317318700911183,0.994,20/40,20.67%,AKR1B1;ME3;ALDH1B1;ACAT1;PC;PCK2;LDHD;LDHB;PDHB;DLD;ALDH9A1;ALDH7A1;ALDH2;GRHPR;DLAT;HAGH;ACACB;PCK1;ACAT2;ACYP2
prerank,KEGG_RIG_I_LIKE_RECEPTOR_SIGNALING_PATHWAY,0.4693050163015889,1.2684868200219734,0.08527131782945736,0.1354777503180615,0.997,20/69,15.46%,MAPK10;IL12A;MAPK11;TRADD;NFKBIA;IKBKE;ISG15;MAPK12;MAPK14;NFKB1;TRAF3;CXCL10;NLRX1;IFNE;CHUK;IRF7;FADD;MAPK13;IFNA8;TBKBP1
prerank,KEGG_VIBRIO_CHOLERAE_INFECTION,0.47773481466283196,1.2541465540595063,0.11335012594458438,0.14708061877203943,0.998,20/54,13.49%,PRKACB;ATP6V0E2;ATP6V1H;ATP6V1G2;ATP6V0D1;CFTR;ATP6V0D2;ACTB;ATP6V1A;PRKCB;ATP6V1E1;ATP6V1B2;TJP1;ATP6AP1;ATP6V0E1;ATP6V0B;SLC12A2;PRKACA;PLCG2;ATP6V1D
prerank,KEGG_NUCLEOTIDE_EXCISION_REPAIR,-0.5255183188377368,-1.2530846367078563,0.13157894736842105,0.8173615692687959,1.0,12/44,13.42%,ERCC5;RPA4;GTF2H4;RFC1;ERCC6;GTF2H2;XPC;CUL4A;POLE;POLD3;RFC3;RFC4
prerank,KEGG_SNARE_INTERACTIONS_IN_VESICULAR_TRANSPORT,0.4881985875295239,1.2146826446836765,0.16747572815533981,0.18503789178372043,0.999,16/38,13.59%,VAMP5;STX2;STX11;STX19;VAMP2;VAMP4;VAMP8;SNAP29;SNAP23;VTI1B;VAMP3;STX12;SNAP47;STX1A;VAMP7;STX8
prerank,KEGG_GLYCOSAMINOGLYCAN_BIOSYNTHESIS_HEPARAN_SULFATE,0.5306269565764397,1.191929040834468,0.22588832487309646,0.20966641300631278,1.0,8/26,9.74%,HS3ST5;HS3ST3A1;HS3ST2;EXTL2;EXT2;NDST1;EXTL3;EXT1
prerank,KEGG_GLYCOSAMINOGLYCAN_BIOSYNTHESIS_KERATAN_SULFATE,0.5885642614113797,1.1848418098164362,0.23115577889447236,0.21678234755315318,1.0,2/15,3.16%,CHST2;CHST1
prerank,KEGG_DORSO_VENTRAL_AXIS_FORMATION,0.5288113717013908,1.1782642332074251,0.22439024390243903,0.22325691244328302,1.0,11/24,14.45%,CPEB1;SOS2;MAPK3;PIWIL2;NOTCH3;ETS1;SPIRE1;MAPK1;NOTCH4;KRAS;MAP2K1
prerank,KEGG_ADHERENS_JUNCTION,0.43283081136220397,1.175446017100981,0.1760204081632653,0.22484378481952286,1.0,23/73,9.99%,WAS;NECTIN1;TGFBR2;SORBS1;TCF7L1;ACTN1;LEF1;VCL;RAC3;CTNNA2;RHOA;MAPK3;ACTN2;SNAI2;ACTB;TGFBR1;ACTN3;WASL;FGFR1;MAPK1;TJP1;PTPRM;PTPRB
prerank,KEGG_TYPE_II_DIABETES_MELLITUS,0.46304209872857793,1.165198018199647,0.23037974683544304,0.23663776084699412,1.0,14/47,10.32%,CACNA1B;MAPK10;SOCS2;SLC2A4;HK1;ADIPOQ;PRKCD;SOCS3;MAPK3;PIK3R3;GCK;SOCS1;MAPK1;CACNA1C
prerank,KEGG_PROXIMAL_TUBULE_BICARBONATE_RECLAMATION,0.523060942758653,1.1621504403644043,0.23665893271461716,0.23895644858414244,1.0,2/23,4.34%,CA4;AQP1
prerank,KEGG_HISTIDINE_METABOLISM,0.4915712113060885,1.1411869750448191,0.25721153846153844,0.2650178454947451,1.0,15/29,14.55%,ALDH1A3;ALDH3B2;ALDH1B1;HNMT;ASPA;MAOA;HAL;DDC;MAOB;ACY3;AOC1;ALDH9A1;ALDH7A1;HDC;ALDH2
prerank,KEGG_THYROID_CANCER,0.49939335233191656,1.1363688464650117,0.23115577889447236,0.26898561745259597,1.0,13/29,12.36%,RET;TCF7L1;LEF1;RXRG;NCOA4;MAPK3;NRAS;PPARG;MAPK1;NTRK1;CCDC6;MYC;KRAS
prerank,KEGG_INOSITOL_PHOSPHATE_METABOLISM,0.4271750898673076,1.1221118521359303,0.24054054054054055,0.2878091309033115,1.0,22/54,16.37%,INPP5A;INPP5J;INPP5K;PLCB2;PLCD1;PLCB4;PIP5K1C;ITPKA;PI4KB;ITPKB;IMPA2;PLCG2;ALDH6A1;TPI1;PLCB1;INPP4B;MINPP1;PIK3CG;ITPK1;IMPA1;IPMK;SYNJ1
prerank,KEGG_GLYCEROPHOSPHOLIPID_METABOLISM,0.41218932230291166,1.1189657585082253,0.23205741626794257,0.2904406065835076,1.0,23/76,12.05%,DGKB;PLPP1;PLA2G5;GPD1L;PLPP3;PLA2G10;CHAT;PLA2G15;LYPLA1;AGPAT3;LPCAT3;DGKI;PEMT;PLA2G12A;CDS2;PLA2G2D;DGKA;CRLS1;DGKQ;AGPAT4;ETNK1;PTDSS2;MBOAT1
prerank,KEGG_P53_SIGNALING_PATHWAY,0.4090489346001982,1.1125926095083076,0.24671916010498687,0.29817601176850905,1.0,21/68,12.34%,IGF1;TP53I3;SESN3;CDKN1A;CDK4;GADD45A;SERPINE1;THBS1;CCND3;ADGRB1;CCNG2;GADD45G;RCHY1;SESN2;CASP3;BID;ZMAT3;TSC2;APAF1;FAS;RRM2B
prerank,KEGG_MISMATCH_REPAIR,-0.5253850751986384,-1.1114777810410732,0.33172302737520126,1.0,1.0,8/23,19.50%,RPA4;MLH3;RFC1;POLD3;RFC3;RFC4;PMS2;EXO1
prerank,KEGG_PROTEIN_EXPORT,-0.5133441088001864,-1.0998065162737325,0.32605042016806723,1.0,1.0,6/24,19.68%,SEC61A2;SRP19;IMMP2L;HSPA5;SEC61A1;SEC61G
prerank,KEGG_PHOSPHATIDYLINOSITOL_SIGNALING_SYSTEM,0.3991407724215681,1.0913126169052585,0.2664835164835165,0.32877518978133313,1.0,20/76,9.63%,DGKB;CALM1;INPP5A;INPP5J;INPP5K;CALML3;PLCB2;PLCD1;PLCB4;PIP5K1C;ITPKA;PIK3R3;DGKI;PRKCB;PI4KB;ITPKB;IMPA2;CDS2;DGKA;DGKQ
prerank,KEGG_PYRIMIDINE_METABOLISM,0.3823885850188463,1.0899792989376527,0.2647058823529412,0.3286131413882463,1.0,22/97,12.34%,NME5;TYMP;ENTPD5;NME3;TXNRD2;POLR2L;DUT;AK3;ENTPD3;PRIM1;POLR2E;POLR3G;ENTPD8;DPYS;DPYD;NME7;DCTD;ENTPD1;POLE4;NUDT2;DTYMK;RRM2B
prerank,KEGG_SPLICEOSOME,-0.3815212691914991,-1.0675063622432326,0.3059360730593607,0.9543993978646497,1.0,64/127,32.92%,HSPA6;THOC1;ACIN1;PRPF40B;TCERG1;THOC2;HSPA1B;DDX39B;U2SURP;HNRNPC;SNRPA1;DDX42;PRPF38A;LSM8;DHX8;CCDC12;CWC15;HNRNPA1L2;SF3B2;HNRNPU;U2AF1;SNRPG;PRPF3;SF3B1;SYF2;SNRPE;CHERP;SNRNP200;SRSF10;MAGOH;NCBP2;SNRNP27;SNRPA;PRPF4;HNRNPA1;RBM25;HNRNPA1P60;CDC40;SF3B3;TRA2B;CTNNBL1;BUD31;CDC5L;SF3B4;PRPF6;SRSF4;THOC3;ISY1;PPIH;LSM6;PRPF40A;CRNKL1;SNRPD1;SNRNP70;RBM22;SLU7;SART1;AQR;SNRPD2;SNRPB2;SF3B6;HNRNPK;ZMAT2;SNRPC
prerank,KEGG_CARDIAC_MUSCLE_CONTRACTION,0.3819929439337024,1.0528237784270356,0.3046875,0.3877443955369025,1.0,31/78,16.29%,COX4I2;CACNA2D2;TPM1;CACNA2D1;COX7A1;MYL3;RYR2;TNNC1;CACNB4;CACNA2D3;TPM4;CACNG7;CYC1;SLC8A1;ACTC1;UQCR10;CACNA1C;CACNB3;COX6A2;MT-CO3;COX5A;UQCRC2;CACNB2;UQCR11;MYH6;CACNG5;CACNG2;UQCRQ;CACNA1S;UQCRFS1;COX5B
prerank,KEGG_HUNTINGTONS_DISEASE,0.3420312970534183,1.0510121149576508,0.2972972972972973,0.38850127602797024,1.0,57/180,16.63%,DNALI1;COX4I2;DLG4;COX7A1;TGM2;DNAL1;DCTN2;GPX1;PLCB2;POLR2L;GRIN1;BDNF;IFT57;PLCB4;SLC25A4;ATP5F1D;AP2M1;DNAL4;POLR2E;CYC1;VDAC3;DCTN1;PPARG;CLTB;UQCR10;SLC25A5;CLTA;ATP5PB;NDUFB1;CASP3;CREB3L4;COX6A2;MT-CO3;APAF1;TFAM;SOD2;ATP5F1A;COX5A;HDAC2;ATP5F1B;PLCB1;NDUFV1;NDUFA6;DNAI1;UQCRC2;UQCR11;ATP5PF;UQCRQ;NDUFS4;NDUFB7;CREB5;UQCRFS1;COX5B;ITPR1;NDUFB8;NDUFV3;NDUFA9
prerank,KEGG_AMINOACYL_TRNA_BIOSYNTHESIS,-0.4965953448293152,-1.047925218120605,0.40978077571669475,0.8698966396263292,1.0,12/22,34.37%,SARS2;PSTK;AARS2;EARS2;TARS2;SEPSECS;VARS2;CARS2;IARS2;RARS2;WARS2;HARS2
prerank,KEGG_CYSTEINE_AND_METHIONINE_METABOLISM,0.4410752948124284,1.046407791383597,0.38095238095238093,0.3944239125361406,1.0,11/34,14.35%,CDO1;IL4I1;SDS;MAT1A;MPST;ADI1;LDHB;CTH;MAT2B;APIP;AHCYL1
prerank,KEGG_MATURITY_ONSET_DIABETES_OF_THE_YOUNG,-0.4850972968249891,-1.0442140940631275,0.41156462585034015,0.7581515931497812,1.0,4/25,3.08%,SLC2A2;HNF4A;NEUROG3;PAX4
prerank,KEGG_PRIMARY_IMMUNODEFICIENCY,0.44060428575503724,1.0360595128765062,0.3795811518324607,0.4104994468430661,1.0,13/34,11.79%,CD3D;CD3E;CD4;AIRE;UNG;CD19;BTK;ZAP70;CD40LG;TNFRSF13B;RFXANK;JAK3;CD8A
prerank,KEGG_RNA_DEGRADATION,-0.4166017896179666,-1.0324725297111177,0.39291736930860033,0.6985397288532481,1.0,26/55,29.07%,DIS3;ZCCHC7;HSPD1;EXOSC8;LSM8;HSPA9;ENO2;CNOT1;EXOSC9;XRN1;DDX6;PARN;CNOT3;EXOSC3;EXOSC10;PATL1;EXOSC2;PAPOLG;DCP2;EXOSC5;EDC3;CNOT4;CNOT6;ENO1;EXOSC7;LSM6
prerank,KEGG_ALANINE_ASPARTATE_AND_GLUTAMATE_METABOLISM,0.43550905744778007,1.0298381282363214,0.40093240093240096,0.4192667214982703,1.0,10/30,7.83%,IL4I1;AGXT;DDO;ASPA;GLUL;GPT;ABAT;ADSL;ALDH4A1;GFPT2
prerank,KEGG_DNA_REPLICATION,-0.4422666248095263,-1.0192430799068128,0.4053601340033501,0.657320766132571,1.0,8/36,13.42%,RPA4;RNASEH2B;RFC1;POLE;POLA1;POLD3;RFC3;RFC4
prerank,KEGG_UBIQUITIN_MEDIATED_PROTEOLYSIS,0.3381469177791013,0.998553972786216,0.4281437125748503,0.47779271644793386,1.0,47/134,16.44%,UBE2Q2;UBE2QL1;KLHL13;AIRE;UBE2J1;UBE2E2;PML;RHOBTB2;SOCS3;ERCC8;UBA3;WWP1;UBE2E1;UBE2D1;NEDD4L;STUB1;UBE2G1;SOCS1;UBE2A;PIAS3;UBE2E3;UBE2G2;UBE2D3;ANAPC5;UBE2J2;UBE3C;RCHY1;CUL2;UBE2D2;CUL1;CUL4B;UBE2W;UBE2L3;RBX1;BIRC2;PIAS4;NEDD4;UBA7;SAE1;FBXO4;SMURF2;CDC34;PRKN;COP1;TRIM32;DDB2;UBE2K
prerank,KEGG_REGULATION_OF_AUTOPHAGY,0.4253354367394795,0.9941956974909764,0.4461942257217848,0.48405188424023515,1.0,8/35,17.78%,ATG4A;GABARAPL1;ULK3;ATG4C;IFNA8;GABARAPL2;ATG3;IFNA16
prerank,KEGG_MTOR_SIGNALING_PATHWAY,0.38144085072425754,0.9636293080923329,0.5115681233933161,0.5453272389743277,1.0,15/45,12.64%,IGF1;STK11;PGF;MAPK3;AKT3;EIF4EBP1;PIK3R3;AKT1;MLST8;ULK3;MAPK1;VEGFB;TSC2;CAB39;CAB39L
prerank,KEGG_ALPHA_LINOLENIC_ACID_METABOLISM,0.4423121099972975,0.9216649828477987,0.5650118203309693,0.6379026566313419,1.0,5/19,9.15%,PLA2G5;FADS2;PLA2G10;PLA2G12A;PLA2G2D
prerank,KEGG_BASAL_TRANSCRIPTION_FACTORS,-0.39086147062758675,-0.8979874682242663,0.6254180602006689,0.9232426103682504,1.0,10/35,20.72%,GTF2H4;TAF1;GTF2F2;GTF2H2;TAF12;GTF2IRD1;TAF5L;TAF10;TAF4B;TBPL2
prerank,KEGG_RNA_POLYMERASE,-0.40854226505041585,-0.8917060119143181,0.6264462809917355,0.8555491824120387,1.0,11/28,24.46%,POLR1D;POLR1B;POLR3A;POLR1A;POLR2A;POLR2J3;POLR2D;POLR2J;POLR3GL;POLR3K;POLR2F
prerank,KEGG_CYTOSOLIC_DNA_SENSING_PATHWAY,0.3353958351996905,0.8692615225822123,0.7063106796116505,0.759120558859228,1.0,13/53,15.85%,NFKBIA;IL33;IKBKE;NFKB1;RIPK3;POLR3G;CCL5;CXCL10;AIM2;CHUK;IRF7;IFNA8;POLR3B
prerank,KEGG_GLYCOSPHINGOLIPID_BIOSYNTHESIS_LACTO_AND_NEOLACTO_SERIES,0.38434969790371815,0.8636405515078494,0.658974358974359,0.7675899550488264,1.0,13/26,20.91%,B3GALT1;ST3GAL4;ST8SIA1;GCNT2;B4GALT2;B3GALT5;B4GALT1;B3GNT3;B4GAT1;ST3GAL6;B3GNT2;FUT7;ST3GAL3
prerank,KEGG_N_GLYCAN_BIOSYNTHESIS,0.3412419207444586,0.8559864435283081,0.7361111111111112,0.7795876451089286,1.0,12/46,15.40%,TUSC3;MAN1A1;MAN1C1;MGAT2;ST6GAL1;DPM3;MGAT1;B4GALT2;DOLPP1;ALG14;B4GALT1;MGAT4B
prerank,KEGG_GLYCOSYLPHOSPHATIDYLINOSITOL_GPI_ANCHOR_BIOSYNTHESIS,0.38035866791834805,0.8416188696595066,0.7061855670103093,0.8048559077323537,1.0,9/25,16.45%,PIGZ;PIGH;GPAA1;PIGK;PIGP;PIGO;PIGB;PIGS;PIGC
prerank,KEGG_SELENOAMINO_ACID_METABOLISM,0.37837567041726095,0.836849380747328,0.7192118226600985,0.8100202950206178,1.0,9/25,14.35%,PAPSS1;GGT5;MAT1A;GGT1;GGT6;GGT7;CTH;MAT2B;AHCYL1
prerank,KEGG_LINOLEIC_ACID_METABOLISM,0.342225116436015,0.7717591566559865,0.8574766355140186,0.9210650289314263,1.0,7/29,9.15%,PLA2G5;PLA2G10;CYP3A4;CYP2C8;CYP2J2;PLA2G12A;PLA2G2D
prerank,KEGG_BASE_EXCISION_REPAIR,-0.3321326097524406,-0.7614322128894874,0.8642611683848798,1.0,1.0,8/35,13.54%,LIG3;HMGB1P1;PARP4;POLE;MUTYH;POLD3;HMGB1;MBD4
prerank,KEGG_CELL_CYCLE,0.2603208218046749,0.7605225175898427,0.989041095890411,0.9295160250299438,1.0,24/124,13.97%,TGFB1;TGFB3;TGFB2;YWHAH;CDKN1A;CDK4;GADD45A;CCNA1;CDKN2B;CCND3;YWHAQ;CDC14A;ANAPC5;GADD45G;PCNA;CDKN2C;CDKN1B;MCM6;MYC;CUL1;SMAD4;ORC4;HDAC2;RBX1
prerank,KEGG_BETA_ALANINE_METABOLISM,0.3512791993241001,0.7598892234193226,0.8244274809160306,0.9245653159410965,1.0,6/22,7.76%,ACADM;ALDH1B1;ABAT;DPYS;DPYD;HADHA
prerank,KEGG_LYSINE_DEGRADATION,-0.30406871626869986,-0.7392376574500054,0.9159519725557461,0.9988484804731308,1.0,16/44,24.08%,NSD2;SETD2;ASH1L;KMT5B;PLOD3;NSD1;SETDB1;BBOX1;KMT5C;EHMT1;PIPOX;NSD3;SETD1A;SETDB2;AASDH;TMLHE
prerank,KEGG_GLYOXYLATE_AND_DICARBOXYLATE_METABOLISM,0.35615171963437076,0.7349639532433783,0.8415841584158416,0.9456322141740396,1.0,6/16,15.43%,PGP;CS;GLYCTK;ACO2;MTHFD1;GRHPR
prerank,KEGG_ONE_CARBON_POOL_BY_FOLATE,-0.3632810768023226,-0.7213292586114267,0.8691275167785235,0.9441723891206779,1.0,3/17,10.13%,MTHFD2;MTHFR;MTR
prerank,KEGG_PENTOSE_PHOSPHATE_PATHWAY,0.29725776556884037,0.6707770889537601,0.9528795811518325,0.9791176169515815,1.0,10/27,20.38%,FBP1;PGM1;DERA;PFKL;PFKM;TKTL1;PRPS1L1;TALDO1;PGM2;PGD
